Time (min),0.0,0.7,1.4,2.0999999999999996,2.8,3.5,4.199999999999999,4.8999999999999995,5.6,6.3,7.0,7.699999999999999,8.399999999999999,9.1,9.799999999999999,10.5,11.2,11.899999999999999,12.6,13.299999999999999,14.0,14.7,15.399999999999999,16.099999999999998,16.799999999999997,17.5,18.2,18.9,19.599999999999998,20.299999999999997,21.0,21.7,22.4,23.099999999999998,23.799999999999997,24.5,25.2,25.9,26.599999999999998,27.299999999999997,28.0,28.7,29.4,30.099999999999998,30.799999999999997,31.499999999999996,32.199999999999996,32.9,33.599999999999994,34.3,35.0,35.699999999999996,36.4,37.099999999999994,37.8,38.5,39.199999999999996,39.9,40.599999999999994,41.3,42.0,42.699999999999996,43.4,44.099999999999994,44.8,45.5,46.199999999999996,46.9,47.599999999999994,48.3,49.0,49.699999999999996,50.4,51.099999999999994,51.8,52.5,53.199999999999996,53.9,54.599999999999994,55.3,56.0,56.699999999999996,57.4,58.099999999999994,58.8,59.49999999999999,60.199999999999996,60.9,61.599999999999994,62.3,62.99999999999999,63.699999999999996,64.39999999999999,65.1,65.8,66.5,67.19999999999999,67.89999999999999,68.6,69.3,70.0,70.69999999999999,71.39999999999999,72.1,72.8,73.5,74.19999999999999,74.89999999999999,75.6,76.3,77.0,77.69999999999999,78.39999999999999,79.1,79.8,80.5,81.19999999999999,81.89999999999999,82.6,83.3,84.0,84.69999999999999,85.39999999999999,86.1,86.8,87.5,88.19999999999999,88.89999999999999,89.6,90.3,91.0,91.69999999999999,92.39999999999999,93.1,93.8,94.5,95.19999999999999,95.89999999999999,96.6,97.3,98.0,98.69999999999999,99.39999999999999,100.1,100.8,101.5,102.19999999999999,102.89999999999999,103.6,104.3,105.0,105.69999999999999,106.39999999999999,107.1,107.8,108.5,109.19999999999999,109.89999999999999,110.6,111.3,112.0,112.69999999999999,113.39999999999999,114.1,114.8,115.49999999999999,116.19999999999999,116.89999999999999,117.6,118.3,118.99999999999999,119.69999999999999,120.39999999999999,121.1,121.8,122.49999999999999,123.19999999999999,123.89999999999999,124.6,125.3,125.99999999999999,126.69999999999999,127.39999999999999,128.1,128.79999999999998,129.5,130.2,130.9,131.6,132.29999999999998,133.0,133.7,134.39999999999998,135.1,135.79999999999998,136.5,137.2,137.89999999999998,138.6,139.29999999999998,140.0
Activated Cdc20,1.4384692,1.5183917408077885,1.5758159892111454,1.610758452122836,1.624678554370675,1.6189236015372905,1.5946485189795223,1.5526076385897316,1.4920859338070322,1.407588633018879,1.3097982469939706,1.2084134146281613,1.1000636913605188,0.9828410437736257,0.8564574873504219,0.7213014298053291,0.5780377351187598,0.42750460445580946,0.2707745949621481,0.10952966698076809,3.8568026789780966E-5,5.0681304892342975E-6,3.470175445478455E-7,2.3271051066824322E-8,3.406840774958801E-9,2.1668277623913428E-9,2.062374331983467E-9,2.024961227211148E-9,2.0081027666087053E-9,1.9870844868414945E-9,1.9705814904500068E-9,1.955728265254634E-9,1.944228380888596E-9,1.9354795035389312E-9,1.929413150446316E-9,1.9258863980661493E-9,1.9249860527573966E-9,1.926586057639013E-9,1.930696515673635E-9,1.937332239161718E-9,1.946521752886162E-9,1.958313115945945E-9,1.9727725893971365E-9,1.9899880546012545E-9,2.010067355399606E-9,2.0331419214955497E-9,2.059367168999377E-9,2.0889243203819714E-9,2.122025708692181E-9,2.158913673366427E-9,2.199867475354612E-9,2.2452058084616915E-9,2.2952920815219797E-9,2.3505394320571003E-9,2.411417512679214E-9,2.4784591609678167E-9,2.5522688361005475E-9,2.633532127150633E-9,2.7230237349257156E-9,2.821623358928125E-9,2.9303257476920694E-9,3.0502553980809033E-9,3.1826820411361934E-9,3.3290402238366255E-9,3.4909434563851004E-9,3.6702060034554513E-9,3.8688577738953925E-9,4.0891586840675414E-9,4.333673345409635E-9,4.605208410952503E-9,4.9068155456414965E-9,5.24187699897017E-9,5.614046295960172E-9,6.0272590800748724E-9,6.485689431647836E-9,6.993720247134037E-9,7.555895043334634E-9,8.17683598544311E-9,8.861297880287222E-9,9.613993653622516E-9,1.0439788167830302E-8,1.1344214505119088E-8,1.2333581825512974E-8,1.3417107084948297E-8,1.4609165548700636E-8,1.5933649062497323E-8,1.7429914197661342E-8,1.9160903185307295E-8,2.122571297749868E-8,2.3782479460224974E-8,2.7092983791113312E-8,3.160646430270779E-8,3.8071941268620633E-8,4.7071816844156305E-8,5.762544007303219E-8,6.914524047019132E-8,8.161014025348256E-8,9.50694492553157E-8,1.0959597979102526E-7,1.2528708920364992E-7,1.4226891428903196E-7,1.6070138085641726E-7,1.8078390891706875E-7,2.0276202087216597E-7,2.2693509544386164E-7,2.5694605733739866E-7,2.986144340318242E-7,3.5196939758223137E-7,4.1745742495940585E-7,4.965005372718738E-7,5.913105229198803E-7,7.04755371130129E-7,8.402154210785107E-7,1.0013591833968609E-6,1.1918038997872079E-6,1.4146868270208825E-6,1.6722451871772029E-6,1.9655446834367904E-6,2.29445477054917E-6,2.6578538693701113E-6,3.053982952324772E-6,3.4808086625848577E-6,3.9363242534808925E-6,4.418757155732407E-6,4.926689910153432E-6,5.459116684454437E-6,6.015459377963453E-6,6.595560556873882E-6,7.199666566763397E-6,7.828409699875849E-6,8.482793531758538E-6,9.164184421375017E-6,9.874310252449293E-6,1.0615266955297651E-5,1.138953253663026E-5,1.2199989761549938E-5,1.3049957666444043E-5,1.3943233624208416E-5,1.4884147876621914E-5,1.58776348409572E-5,1.6929323163147484E-5,1.804564950898663E-5,1.923400126282593E-5,2.0502892285173826E-5,2.186217789755934E-5,2.332331487864766E-5,2.4899676922929216E-5,2.6606932103482827E-5,2.8463499918681408E-5,3.049109848634684E-5,3.2715415382942026E-5,3.516691001264568E-5,3.7881792172902354E-5,4.0903200924585005E-5,4.4282614190641685E-5,4.808154488678044E-5,5.2373500704322345E-5,5.724623663420721E-5,6.280425127484397E-5,6.917144089142814E-5,7.649382177699171E-5,8.494238960464542E-5,9.471666851107227E-5,1.0604944451854621E-4,1.1921052980596927E-4,1.345084390696183E-4,1.5229611095599166E-4,1.729844503610423E-4,1.9706169259941706E-4,2.251171475883618E-4,2.578708932017189E-4,2.962132831083791E-4,3.4125999272166253E-4,3.944307645710847E-4,4.5756481296620015E-4,5.330950004823899E-4,6.243035968990144E-4,7.357620795948866E-4,8.739973810929245E-4,0.001048687677325291,0.0012747873488937746,0.0015766288709375116,0.0019962846023355114,0.0026123059300617907,0.0035849926596123677,0.005272763216066019,0.008513519350339196,0.015075562360238362,0.027655090868545014,0.04881306644546054,0.08007678790410147,0.122027926574369,0.1746773080632923,0.23769998896736286,0.3105397422010568,0.3924504183191759,0.48251265960754636,0.5796432244699339,0.6826043664770384,0.7900165531003676,0.9003747537324807
BE,2.4296179E-4,0.0038601728313381063,0.007136938681484273,0.010127571261348929,0.012864622888715744,0.015372560071897664,0.01767335867601326,0.0197871038748375,0.021732200858350474,0.02352552856984964,0.025182572669022393,0.02671754515918808,0.028143493431578005,0.029472400296738914,0.030715276257306284,0.03188224502258298,0.032982622575721765,0.03402499010228386,0.035017261129633416,0.03596674340371543,0.036880196181734944,0.03776388329945938,0.03862362251299273,0.03946483139109359,0.040292570090482614,0.041111581360141196,0.04192632807250669,0.04274102840802809,0.04355968951795149,0.044386138632067536,0.04522405397857075,0.04607699260802626,0.04694841936061162,0.04784173322726511,0.04876029382959652,0.049707447682941636,0.05068655376202187,0.05170100938484127,0.05275427565922451,0.05384990402967837,0.05499156346780601,0.05618306716563924,0.05742840164661127,0.05873175547686588,0.06009755042504261,0.06153047243361749,0.06303550666512514,0.06461797067682297,0.06628355154653366,0.06803834234229698,0.06988888561657697,0.07184220912421319,0.07390587125306917,0.0760880047698513,0.07839735484744287,0.08084332328023838,0.08343601917938387,0.08618629592865278,0.08910578782960311,0.09220695066979251,0.09550308991482293,0.09900839400946107,0.10273794836232682,0.10670775223799031,0.11093471942972259,0.11543667199246183,0.12023231864070356,0.12534122021287117,0.13078373912267252,0.13658096883541104,0.14275464434174417,0.14932702854076013,0.15632077122915713,0.16375873841896146,0.17166380461976347,0.1800586008606052,0.1889652128462972,0.1984048125563799,0.2083972119767589,0.21896031478757008,0.23010944166518427,0.24185649471353038,0.2542089217705376,0.2671684415831072,0.2807295067263273,0.2948775290507168,0.3095870126653436,0.3248199463526858,0.34052503300235654,0.3566384693145421,0.37308661046317726,0.3897901015161862,0.40666837898460895,0.42364344468447995,0.44064240162957297,0.457598846624846,0.4744533967265266,0.49115364680471546,0.5076538253708586,0.5239143224675276,0.5399011636834539,0.5555855054102536,0.5709431506457491,0.5859540858908088,0.6006020612966307,0.6148741892067529,0.6287604768508379,0.6422533466747735,0.655347354203611,0.6680389717379672,0.6803263634096768,0.6922091513503816,0.7036881819542421,0.7147653001219874,0.7254431388056265,0.7357249319479767,0.7456143584508951,0.7551154237680089,0.7642323793317499,0.7729696769890825,0.7813319463689593,0.7893239858246904,0.7969507558944848,0.8042173689788651,0.8111290698864098,0.817691206250738,0.8239091885784563,0.8297884404937086,0.8353343393967942,0.8405521495982281,0.8454469472643474,0.8500235378021674,0.8542863654370988,0.8582394146554346,0.8618860997031185,0.865229143119924,0.8682704399562851,0.8710109032397845,0.8734502899881117,0.8755869984179541,0.8774178349972173,0.8789377467472663,0.8801395083972314,0.8810133614732888,0.8815465971532037,0.8817230810990959,0.8815227069105792,0.8809207894569455,0.8798873886828531,0.878386586494873,0.8763757053334451,0.8738045236268378,0.8706145026620977,0.8667380897040334,0.8620981818351248,0.8566078343941363,0.8501704609508552,0.8426808175760551,0.8340273836565991,0.8240973491894229,0.8127867478206152,0.8000209204156542,0.7857913647742685,0.770192182912259,0.7534004881916075,0.7356156788816883,0.7170267213783293,0.697805622517025,0.6781074848744224,0.658071448197712,0.637821739356758,0.6174687529922195,0.5971100996804036,0.576831650876572,0.5567085305413423,0.5368060469433988,0.517180583273765,0.4978804224150198,0.4789465171457098,0.4604132067165134,0.4423088703890946,0.42465653982053453,0.407474457518624,0.39077659035970774,0.37457309797078886,0.35887076633229265,0.3436734012063223,0.32898219577830434,0.31479607624918515,0.3011120371649338,0.28792546780928713,0.2752304618296813,0.2630201010221372,0.251286713245781,0.24002211049498712,0.2292178166570237,0.2188653000344938,0.2089562267856449,0.199482763265673,0.1904379692579046,0.18181635735254756
Cdc20,1.1722378,0.9237762793232227,0.7046268227722062,0.5188926414234413,0.3643752728055906,0.23903820338242285,0.141083894551881,0.06915884580215063,0.023419422575258933,0.00883950431103568,0.01425090359804318,0.02950213964026875,0.057541430006719504,0.09988312628199905,0.156448146646365,0.22650583246315473,0.3090722076502972,0.4030115328912693,0.5069738277969528,0.6190184648607063,0.6826355166208161,0.6398963384867025,0.6000200789198669,0.5628356226898431,0.5281647835102162,0.49583789001559414,0.46569649280076747,0.43759284154356365,0.4113891692288967,0.3869570291359963,0.36417664881671435,0.3429363657072678,0.32313205631622754,0.30466664002360117,0.2874496011460173,0.2713965405143854,0.2564287692461232,0.24247291955258504,0.2294605683085865,0.217327924276298,0.20601552133785622,0.19546790823466487,0.18563337755105744,0.17646372238948194,0.16791399146826474,0.15994227783058193,0.15250949979017628,0.14557922310343016,0.139117479344583,0.1330925842652946,0.12747501251329332,0.12223722400132489,0.11735354080710425,0.11280003132305426,0.10855436848878715,0.10459573273634325,0.10090472301108327,0.0974632490199568,0.09425443957471587,0.09126256653351736,0.08847296126621444,0.08587195124213717,0.08344678529061214,0.08118557551406126,0.07907723733279527,0.07711143591757143,0.07527853474824607,0.07356954887968761,0.07197610116196482,0.07049038033627811,0.0691051033794408,0.06781347985320005,0.06660917781584506,0.06548629392111649,0.06443932387614623,0.0634631353845748,0.06255294319024667,0.061704285514906164,0.06091300224276962,0.060175214496773245,0.05948730563719792,0.05884590353346622,0.05824786402961936,0.05769025552984176,0.05717034463005354,0.05668558270727902,0.05623359343819158,0.05581216108754139,0.05541921971800145,0.05505284298113576,0.05471123465035729,0.05439271972723989,0.054095736124524355,0.05381882747794764,0.0535606374065892,0.05331990090298246,0.053095437956646035,0.05288614826530394,0.05269100588886925,0.05250905426208857,0.05233940138972025,0.05218121554576248,0.052033721242344864,0.05189619535719191,0.05176796364166098,0.05164839414169669,0.05153689549358849,0.05143292219201153,0.05133596612828812,0.05124555441782961,0.051161249019369213,0.05108264820478819,0.051009391565958934,0.050941171530425,0.05087775617424224,0.05081903008936599,0.05076506168879443,0.050716204421731054,0.050673234632781665,0.05063752832443879,0.05061126544955098,0.05059765314027128,0.05060115473292214,0.05062772303316281,0.0506850213079034,0.05078264404786307,0.050932332024261014,0.05114819002188117,0.05144691589651895,0.05184804344213702,0.05237421185362697,0.053051467771207,0.053909608344007334,0.054982572941974714,0.056308902960974926,0.05793226937444041,0.05990208400862174,0.0622742129971291,0.06511179100467429,0.06848617920954213,0.07247805466270509,0.07717864036952683,0.08269110502344004,0.08913211158675402,0.09663351016814264,0.10534412921809246,0.11543163660460894,0.12708432569853784,0.1405127184788699,0.155950711954023,0.17365606779239814,0.19390972406822998,0.2170135163259897,0.24328566925435216,0.27305346173116046,0.30664240440018964,0.34436143671169606,0.38648405323677226,0.43322575165743293,0.4847191002910189,0.5409888705913648,0.6019312006048914,0.6673023088912976,0.7367208099115214,0.8096794728323791,0.8855637805086335,0.9636863501914144,1.0433339824833665,1.1238115572233651,1.2044730942772301,1.2847394689304126,1.3641060647171157,1.4421440058368993,1.5184972144091353,1.5928771198001626,1.6650561515831648,1.7348605311249776,1.802162909009301,1.8668750398370342,1.9289403826727187,1.9883263813362355,2.0450153096471753,2.0989914622171915,2.1502185041674724,2.1985907460067615,2.2438136028547784,2.2851190717682472,2.3208110813834866,2.3482631832796304,2.3649766481632537,2.369475867557227,2.3612198660289567,2.3402278980199167,2.306843778167489,2.261628810146445,2.205315228023036,2.1387808410128546,2.063026319711858,1.9791450862678266,1.8882780274777005,1.7915442054042543
CDC28-Clb2-Sic1,0.084410675,0.10852220618303172,0.062222053415923864,0.03383293602782551,0.020829398672365815,0.01467145557840523,0.011538410301413197,0.009747829263845053,0.008566366673372698,0.007681819412089046,0.00696853195606841,0.006383599888544266,0.005928587624845752,0.0056158876993754455,0.0054391970425777285,0.005368746934994497,0.0053689019476671285,0.0054120152334307305,0.005480769534448847,0.00556547570167945,0.0056580771462149924,0.005720695794081386,0.005759674250883978,0.0057871326719651445,0.005808982238892807,0.005828105571582138,0.0058459087685437715,0.005863076809761044,0.00587994591345257,0.005896678191098827,0.005913354224450107,0.005930011664380559,0.005946669869694433,0.005963336615165824,0.005980016164441566,0.005996708715225743,0.006013415112186576,0.006030133025544888,0.006046860936911952,0.006063596596391996,0.0060803373812580545,0.006097080322597252,0.006113822107860655,0.006130559070020523,0.006147287175464164,0.00616400200762694,0.0061806987320818475,0.0061973721025766005,0.006214016398009461,0.006230625427883633,0.006247192489610421,0.006263710348868335,0.006280171215079082,0.00629656672952899,0.006312887923039207,0.006329125266187512,0.0063452686334614745,0.00636130733353695,0.0063772301896494075,0.006393025606137274,0.006408681675340134,0.006424186422643108,0.00643952805448531,0.006454695323480619,0.006469678096877834,0.006484468159324071,0.006499060584645203,0.00651345354487515,0.006527653106634026,0.00654167555709879,0.006555542846667423,0.006569306673745067,0.0065830377539942645,0.006596846467254801,0.00661089779877947,0.006625436657627395,0.006640826706263381,0.006657611683849656,0.006676614562841489,0.006699105055597577,0.006727080471422724,0.00676375788349088,0.006814371914838498,0.006887542164838784,0.006997063202770065,0.0071640718173535175,0.00741908231620242,0.007804275761782132,0.008377895629554807,0.009223719940594816,0.010468843784878843,0.012309791612372443,0.014999146708186504,0.018318727654275405,0.02144614852824324,0.0242703519979341,0.02680795732826865,0.02907485690780334,0.03108598180147171,0.0328554811618177,0.03439678562050563,0.03572259928143545,0.03684484771990599,0.03777459869657454,0.03852403660077926,0.04013253912223683,0.042775570518900415,0.0458627943975222,0.04909304937884618,0.05229981262652216,0.0553831261347006,0.05827656700216181,0.06093121466006891,0.06330904486091267,0.06538185703415278,0.06713302929661986,0.06855965225158335,0.06967305621086828,0.0704968709732769,0.07106321296536766,0.07140824031128186,0.07156833933811205,0.07157746727078401,0.07146567803133211,0.07125857201104326,0.0709773507040095,0.07063920828534698,0.07025787333980162,0.06984418529840221,0.06940663252527589,0.06895182797252411,0.06848490866376827,0.06800986180568003,0.06752978562043059,0.06704709874026364,0.0665637018650488,0.06608110668245144,0.06560053923132905,0.0651230225546952,0.06464944589532255,0.0641806240118312,0.0637173496963819,0.06326044277012154,0.0628107969067994,0.06236942599100712,0.06193751041701155,0.0615164442371765,0.06110788166261557,0.06071378291988725,0.06033645667217982,0.0599785985925948,0.059643321616240745,0.05933417542846513,0.05905515020654823,0.058810656795908245,0.058605471452746145,0.05844461432760753,0.05833310308389615,0.05827544673447534,0.05827456897819574,0.05832943615222191,0.05842988407271294,0.058547669219592494,0.058633613863580875,0.058639864913777935,0.058543340151750396,0.05834273157198338,0.05804685350012309,0.05766737189432821,0.05721583989686821,0.05670286517299383,0.05613804699948486,0.055530084683318784,0.05488687316617575,0.054215556859881955,0.05352256159878136,0.05281362290994843,0.052093819104699596,0.05136761293572539,0.05063890164627341,0.04991107426837229,0.04918707797093165,0.04846949683496247,0.047760655675437504,0.04706278183856548,0.046378311359674414,0.04571056729898187,0.0450652822901275,0.044453253487457496,0.04389269414819195,0.04340876858719195,0.04303070186370499,0.04278900463802495,0.042714079904692955,0.0428360726033636,0.04318550040970553,0.04379435560762502,0.04469756563794197,0.045934894937214144,0.04755360036350645,0.04961263236160495
Cdh1,0.99263656,0.9995209684910201,0.9999254135039991,0.9999348817418543,0.9999383356141931,0.9999398373009525,0.9999401807030223,0.9999395848981235,0.9999380233597235,0.9999351332803584,0.9999310790132111,0.9999260474211036,0.9999195228836504,0.9999107955179722,0.9998987816370805,0.9998816302466877,0.9998557096810645,0.9998128378067547,0.9997300637763373,0.9995103975105403,0.9988991241913681,0.9988867213623067,0.998873251207255,0.9988584021522314,0.9988421051766286,0.9988243335734827,0.9988050569064915,0.9987842372680441,0.9987618286525407,0.998737776476941,0.9987120169037282,0.9986844768362383,0.9986550722290827,0.9986237070355017,0.9985902745943753,0.9985546533457273,0.9985167075900585,0.9984762849314414,0.9984332151554222,0.9983873079449078,0.9983383505982244,0.9982861054981242,0.9982303069843408,0.9981706580593325,0.9981068262569387,0.998038438980839,0.9979650789152575,0.9978862767301373,0.997801504686644,0.9977101687626085,0.9976115982585917,0.9975050349222054,0.9973896204388074,0.9972643784675254,0.997128200678224,0.9969798194256821,0.9968177844855607,0.9966404302889552,0.996445837438128,0.99623178571544,0.9959956916162609,0.9957345395838395,0.9954447872889197,0.9951222499570501,0.9947619487817221,0.9943579161894982,0.9939029380555843,0.9933882426200453,0.9928030034374331,0.9921336903910837,0.9913633922350885,0.9904703543787627,0.9894264222558323,0.9881944435430299,0.9867244624864376,0.9849479385877435,0.9827685363169913,0.9800474352082762,0.9765788767893995,0.972049282794943,0.9659674524443939,0.9575486882672676,0.9455349389745917,0.9279614760699536,0.9019695373173081,0.8638807651690179,0.8097005927913079,0.7358931515413629,0.640044358640508,0.5212606526957136,0.38066196917038514,0.2235225390589333,0.07444844521676484,0.02817163180568695,0.025112246896671273,0.022961193529027178,0.021226420209079954,0.019794600538379777,0.01859019285787081,0.01756054568581939,0.016667649260101895,0.015883248335915284,0.0151857813337778,0.01455840680759849,0.013987664548953773,0.013426193656561674,0.012852211766866092,0.012277376214073517,0.011704143887975495,0.011131314955672824,0.010556681972664784,0.009978612299857538,0.009397156386428377,0.008814805309303179,0.008236738542352214,0.007670390105297777,0.00712430405309462,0.006606616620849379,0.006123681921751724,0.0056793376182411315,0.005274866852770622,0.004909451838130464,0.004580848928667477,0.004285990504325728,0.004021479205171312,0.0037839084034174985,0.0035700613428609625,0.003377002850461842,0.003202123584561127,0.00304311808414268,0.002898002491707639,0.002765047271262532,0.002642763121664051,0.002529864211029526,0.002425244993421839,0.0023279412724870547,0.002237124265787796,0.0021520754517750694,0.0020721619958578475,0.001996835517923332,0.0019256123643610634,0.00185807337510236,0.001793843263393918,0.0017325954029726602,0.0016740416672404404,0.0016179294135000482,0.0015640312199357508,0.0015121548090114866,0.001462130573387618,0.0014138093846158154,0.0013670651035216075,0.001321792198789937,0.0012778964912823184,0.0012353103743660491,0.0011939757551495615,0.001153851523580992,0.001114911072854714,0.0010771420794487745,0.0010405444644968893,0.0010051247740191034,9.708818668288556E-4,9.37775378138944E-4,9.056891397401031E-4,8.745075423330831E-4,8.442924251898083E-4,8.152359838834169E-4,7.875009959050677E-4,7.611759844432496E-4,7.36260284440921E-4,7.127222869830225E-4,6.90500079016197E-4,6.695330464530217E-4,6.497540893310272E-4,6.31099977737947E-4,6.13511949995751E-4,5.969371448078105E-4,5.813300442658959E-4,5.666549683992978E-4,5.528886399775104E-4,5.400263208075307E-4,5.280914396230953E-4,5.17154752686827E-4,5.073732354981523E-4,4.990773003292318E-4,4.929804952868213E-4,4.9071500154684E-4,4.961112939897874E-4,5.172051500749537E-4,5.661752190445419E-4,6.548555158692367E-4,7.916204674519422E-4,9.828754168403069E-4,0.0012357245170176684,0.0015601272345350384,0.0019709425762530195,0.002490631058958639,0.0031536140927755823,0.004014047323181185,0.0051608610207915405,0.0067495712795631255,0.009078131207992732
Clb2,0.18453673,0.01823795202910918,6.192771054211047E-4,2.807349443960433E-4,1.772910207897761E-4,1.2805626100569282E-4,9.879145968260323E-5,7.894569926148289E-5,6.44176172574301E-5,5.3363004145070365E-5,4.4875985580685484E-5,3.849826457224765E-5,3.39481343603152E-5,3.088468604483689E-5,2.8835276828985117E-5,2.737388256047184E-5,2.624271267006848E-5,2.5314031863209562E-5,2.452593285647214E-5,2.3845831987552097E-5,2.325229102598337E-5,2.2712519315402827E-5,2.2223442179281767E-5,2.1785309865560242E-5,2.139571178721106E-5,2.1051384159991943E-5,2.0748996881247725E-5,2.0485474373847232E-5,2.0258093556004508E-5,2.0064518333034473E-5,1.990289097968572E-5,1.9771277995018736E-5,1.9668261774703512E-5,1.9593459366308098E-5,1.954531694676786E-5,1.9524009626083857E-5,1.952786376884731E-5,1.9557746607615378E-5,1.9613350949938198E-5,1.9694864741352965E-5,1.9802670102271135E-5,1.9937342232995895E-5,2.0099654624563516E-5,2.0290591577794107E-5,2.0511357909979934E-5,2.0763393869454685E-5,2.1048405023550576E-5,2.136836389950695E-5,2.1725563099931276E-5,2.212263267218427E-5,2.2562583290564573E-5,2.3048850456452566E-5,2.35853464523984E-5,2.4176511708448086E-5,2.4827412191381563E-5,2.5543764041121883E-5,2.6332064342898263E-5,2.7199685219455204E-5,2.8154957141290486E-5,2.9207316977035413E-5,3.0367464797406444E-5,3.164747361638507E-5,3.3060975905310595E-5,3.4623380240567335E-5,3.6352027627049086E-5,3.8266354462240886E-5,4.038776216806297E-5,4.2741440642491655E-5,4.535373408954845E-5,4.825279005910897E-5,5.147706653301375E-5,5.5056833068044326E-5,5.903259203464112E-5,6.344580504726984E-5,6.834031998055171E-5,7.376196170565587E-5,7.975792386097497E-5,8.637633578738499E-5,9.366621948581489E-5,1.0167614083904971E-4,1.104577274994179E-4,1.2006407113644196E-4,1.3058487849990793E-4,1.4211045304767203E-4,1.5482129434630016E-4,1.6900850108115127E-4,1.851478493059232E-4,2.0399381928505814E-4,2.2673368030769244E-4,2.5527836974568004E-4,2.9282963219184205E-4,3.4492905408178826E-4,4.203972424818574E-4,5.211731725501543E-4,6.335343219059842E-4,7.552502325650955E-4,8.86723239928878E-4,0.0010285442860687294,0.0011815228330991083,0.0013467292466389773,0.0015255403821831394,0.0017196908044154117,0.001931331772621189,0.0021630982907415715,0.0024183084670094776,0.0027622613111078697,0.0032293894835549084,0.0038135340451913636,0.00452211592667013,0.005371416936208708,0.006384526062489459,0.007589807297639766,0.009018896756169015,0.010703651289373558,0.012671957107421512,0.014943060810302061,0.017523793297502963,0.020407128265655036,0.023573645612840196,0.026995143641449573,0.030639051428698345,0.03447230020173687,0.03846407452927104,0.042587386249479345,0.04681971696374928,0.05114304340856768,0.05554351428819825,0.06001096787054225,0.06453840967165586,0.0691215245153519,0.07375825113314972,0.07844843293355015,0.08319354527054042,0.08799649097140902,0.092861452632534,0.09779379784415886,0.10280002172898244,0.10788772367930312,0.11306560764804224,0.11834350591126828,0.12373241734373802,0.1292445565299148,0.13489341207901756,0.14069380890022523,0.14666197106245712,0.15281558065374345,0.15917382893083862,0.16575745224855407,0.17258874630717222,0.17969154615838517,0.1870911634344394,0.19481425272556566,0.2028885849204529,0.21134268115239732,0.22020525978742655,0.22950440681625342,0.23926636938413653,0.2495138487021449,0.26026367035823983,0.27152382835415145,0.28329033552171357,0.29554538415822995,0.30825910574808,0.321390692345755,0.3348786127655017,0.3486397390556664,0.362590643683528,0.37666550782289016,0.3908189748619465,0.4050208793482507,0.41925023765863284,0.4334911666021993,0.4477306772982469,0.4619576085919961,0.4761621302016868,0.4903354851660671,0.5044698160807157,0.5185580093108298,0.5325935245526783,0.5465701801979259,0.5604818592757356,0.5743220604718111,0.5880831374558055,0.6017548644294269,0.6153214062058909,0.6287542617703762,0.6419948784154144,0.6549158954582359,0.6672630615572994,0.6786237766434906,0.6884591971250953,0.6961657148720601,0.7011281212853029,0.7027601638575868,0.7005381845431776,0.6940305893977418,0.6829227888707396,0.6670346059446005,0.6463263753332601,0.6208874915924274,0.5908971680043182
Cln,0.053600963,0.052989299473848,0.05180397940417583,0.05097733549737438,0.050274037996495206,0.049670725430165985,0.04916007259540686,0.04873689589306806,0.048396764863020046,0.048135741396380334,0.04795028914979159,0.047837226983592794,0.047793699380812196,0.04781715707212716,0.04790534659331412,0.048056302962478044,0.04826833869619417,0.04854003041567102,0.048870207346923496,0.0492579430134737,0.04970254954475184,0.05020357424258619,0.0507607979405496,0.05137423381400881,0.05204412812000471,0.05277096271874031,0.053555459098931835,0.05439858389617607,0.05530155610425353,0.05626585579002833,0.057293234945556874,0.05838572967759609,0.059545675135082056,0.06077572197191654,0.06207885528413685,0.06345841622862373,0.064918126068753,0.06646211287731184,0.06809493919064559,0.06982163654373635,0.07164774231189018,0.07357933566007287,0.07562308142624645,0.07778627428059794,0.08007688833528308,0.08250362701946828,0.08507598050030211,0.08780427938981097,0.09069975525827194,0.09377459615124847,0.09704201703730268,0.10051630696588888,0.10421289355953882,0.10814839879992082,0.11234067460495974,0.11680884643196882,0.12157335790419303,0.12665597879773763,0.13207980359935034,0.1378692441735912,0.14404998793247006,0.15064894982903335,0.1576941799956402,0.1652147571981353,0.17324064507293557,0.18180251647997347,0.19093153880407918,0.2006591220123428,0.21101662385594927,0.22203499639615765,0.23374438557400593,0.24617365797412788,0.259349853678603,0.27329753155341185,0.28803800292302306,0.3035884009704188,0.3199605587910511,0.3371596198846582,0.35518231894314845,0.3740148201293382,0.3936300020475499,0.4139840569370823,0.4350123067352846,0.456624274494982,0.47869840181437373,0.5010775472878948,0.5235676868687426,0.5459436453200482,0.5679655322731787,0.589405494491282,0.6100764223811813,0.6298501570869832,0.6486585160449935,0.6664812976719928,0.6833308156885138,0.6992389211315975,0.7142472099438781,0.7284009725491484,0.7417459824615718,0.7543269375522882,0.7661867716666381,0.7773663831348238,0.7879045537772105,0.7978379579190847,0.807201203773145,0.81602647100503,0.8243412861524947,0.8321701908241177,0.8395366654004985,0.8464629892745394,0.8529698356332094,0.8590759753427594,0.8647981041074647,0.8701507825371617,0.8751464996816518,0.8797958770139239,0.8841080109461594,0.8880909092426951,0.8917519419188679,0.8950982150409521,0.8981368164027588,0.9008749123559103,0.9033197232561782,0.9054784139358667,0.9073579358168922,0.9089648450508884,0.9103051163046131,0.91138395781204,0.9122056283151684,0.9127732579017157,0.9130886641649029,0.9131521595337385,0.9129623424861278,0.9125158655998279,0.9118071656424691,0.9108281525862693,0.90956784460277,0.9080119334897457,0.906142276649558,0.9039362855756964,0.901366209697631,0.8983983050174019,0.8949918620039885,0.8910980967198926,0.886658898410226,0.8816054536619877,0.8758567449111575,0.8693180030879005,0.8618791480399982,0.8534133547716037,0.8437758043053053,0.8328028843896169,0.8203120221195359,0.8061025242393212,0.7899579457517627,0.7716508195851104,0.7509514093140498,0.7276434238660919,0.701552968620034,0.6726043797881859,0.6409329716060996,0.6071049476392254,0.5723777409201457,0.5383548654277533,0.5059566703475846,0.4753728712392402,0.4465658686491799,0.4194612782647798,0.39397892981627336,0.37003733876667405,0.34755537140707254,0.32645336311818984,0.306653893215256,0.28808227781003437,0.2706668942390045,0.25433934431547733,0.23903452923769952,0.22469065557159482,0.21124919320268082,0.1986547990737268,0.18685522351268172,0.1758011971751566,0.16544631296020343,0.1557469043798519,0.14666192935235534,0.13815286361855114,0.1301836305253869,0.12272060304865164,0.11573273408791375,0.10919178205003294,0.10307246884532141,0.09735247101625946,0.09201231593153886,0.0870352976770097,0.08240749509298255,0.07811794891355636,0.0741590646884153,0.0705273399947858,0.06722461069308212,0.06426017212743901,0.0616545223160842
Intermediary enzyme,0.52220768,0.5009053882376382,0.4737189166609562,0.4463428961715819,0.41899086717643097,0.39167561408016677,0.36440523350517634,0.3371877604410052,0.31003246222389313,0.28295069006549334,0.2559568324632524,0.229069646657002,0.20231429323059158,0.17572563105417702,0.14935387326197444,0.12327496995423955,0.09761124242708756,0.07257672434736898,0.048590847415388994,0.02661324818341031,0.00921819823390828,0.0012450086937016338,8.553377117224678E-5,5.745721340132265E-6,8.484080210586908E-7,5.425993773649275E-7,5.168541790211361E-7,5.075619152993501E-7,5.034142600724456E-7,4.982278063287075E-7,4.941706739725445E-7,4.905346678650406E-7,4.877410573540661E-7,4.856407165509503E-7,4.842170509020268E-7,4.834351513850839E-7,4.833160574689893E-7,4.838295212896344E-7,4.849783254009813E-7,4.867666703306923E-7,4.892022347517624E-7,4.922976239071285E-7,4.960700460073042E-7,5.005421653179917E-7,5.057417044259379E-7,5.117023510260692E-7,5.184638719202597E-7,5.260725832258952E-7,5.345826803653152E-7,5.440559908497695E-7,5.545637123105802E-7,5.661870669837324E-7,5.790186458239953E-7,5.931636892602436E-7,6.087418287307464E-7,6.258887717192799E-7,6.447584704898298E-7,6.655255479484577E-7,6.883873414666886E-7,7.135679330432503E-7,7.413207636736631E-7,7.719323468256782E-7,8.057262466404665E-7,8.430680728759809E-7,8.843691127178058E-7,9.300918674723759E-7,9.807537192140752E-7,1.0369314643286435E-6,1.0992785086910709E-6,1.168510422718252E-6,1.2454073161696156E-6,1.3308305025575888E-6,1.4257126817798123E-6,1.5310581723537436E-6,1.6479322754307654E-6,1.7774537228528118E-6,1.920782368933146E-6,2.0790984224895517E-6,2.25361608341839E-6,2.445538929938159E-6,2.6561099615883697E-6,2.8867417315465134E-6,3.1390504657521415E-6,3.415388021703652E-6,3.7194295792871604E-6,4.057279634090699E-6,4.438991436533798E-6,4.880640596438809E-6,5.407537851865717E-6,6.06008191335042E-6,6.905167523596066E-6,8.057614406271442E-6,9.708713852796518E-6,1.200537067916644E-5,1.4696444493888143E-5,1.7633781299142244E-5,2.081226615182634E-5,2.424450056436094E-5,2.7949063611582584E-5,3.195079124990323E-5,3.6281856891138165E-5,4.0983048340934144E-5,4.610522193061439E-5,5.171098584225502E-5,5.787671083237036E-5,6.554162911874438E-5,7.617909235177596E-5,8.979378785884842E-5,1.0650028403762082E-4,1.2666109919228346E-4,1.5083918920601237E-4,1.797636805688663E-4,2.1429277891304082E-4,2.5535606698189235E-4,3.0386742962409957E-4,3.606154506388782E-4,4.261564632692536E-4,5.007459523133243E-4,5.843331232764907E-4,6.766140204095332E-4,7.771220685097575E-4,8.853206037494486E-4,0.0010006791415077877,0.0011227255429591214,0.00125107590280625,0.00138544788839535,0.0015256636959617548,0.0016716470627038786,0.001823417772857427,0.001981085968788398,0.002144847377061185,0.002314980285060616,0.0024918446236871306,0.0026758833646769236,0.002867626197761842,0.003067695765100479,0.0032768163898506085,0.0034958255132406654,0.0037256880076801894,0.00396751399261375,0.004222580201285577,0.004492355669078551,0.004778532590063396,0.005083063055640222,0.005408202925865543,0.005756564016424387,0.006131176803893027,0.006535564742004256,0.006973833553976768,0.007450776732450433,0.007972003278522048,0.008544086768583285,0.009174742542405821,0.009873033377431959,0.010649603760716952,0.011516946204105222,0.012489681700365003,0.013584844804743394,0.014822141580182474,0.016224136190890213,0.01781631773975092,0.019627030466879143,0.02168734683779669,0.02403092817763551,0.026693360871019957,0.02971075201670852,0.033118815828320235,0.036952975990065785,0.041248752922641914,0.046041833265118716,0.051367749098314645,0.05726134065471484,0.06375617757588253,0.07088404160180305,0.07867453626596103,0.08715480388858086,0.09634936758432049,0.10628006719079877,0.11696607088508724,0.1284239407675359,0.14066772444926642,0.15370905697462214,0.16755723789304475,0.18221924443164944,0.19769959722044433,0.21399989841020994,0.23111756856043908,0.24904270781283358,0.2677514955045348,0.2871961579326612,0.3072949996334225,0.32792599119457444,0.3489244236653545,0.3700837854047792,0.39115918362886065,0.4118729321455076,0.43192204762518493,0.4509871855128161,0.46874236571276473,0.48486449999898135,0.4990411489395517
Mass,0.80224854,0.8050613294002166,0.8078839808116316,0.8107165288119139,0.8135590080998123,0.8164114534957336,0.81927389994217,0.8221463825041256,0.8250289363695482,0.8279215968497585,0.8308243993798836,0.8337373795192904,0.8366605729520223,0.8395940154872356,0.8425377430596392,0.8454917917299302,0.8484561976852428,0.8514309972395878,0.8544162268342959,0.8574119230384675,0.8604181225494182,0.8634348621931303,0.8664621789247018,0.8695001098287999,0.8725486921201168,0.8756079631438234,0.8786779603760286,0.8817587214242357,0.8848502840278079,0.887952686058423,0.8910659655205495,0.8941901605518946,0.897325309423889,0.9004714505421456,0.9036286224469309,0.906796863813641,0.909976213453361,0.9131667103133153,0.9163683934768072,0.9195813021643284,0.9228054757343022,0.926040953682909,0.9292877756447657,0.9325459813935019,0.9358156108421679,0.9390967040437709,0.942389301191741,0.9456934426204394,0.9490091688057956,0.9523365203650098,0.9556755380587179,0.9590262627897176,0.9623887356043872,0.965762997693678,0.9691490903919604,0.9725470551781354,0.9759569336776565,0.9793787676619173,0.9828125990482918,0.9862584699014194,0.9897164224329422,0.9931864990031352,0.9966687421203114,1.0001631944420732,1.0036698987754415,1.007188898077625,1.0107202354564047,1.0142639541707097,1.0178200976311345,1.0213887094004828,1.0249698331942938,1.0285635128814499,1.0321697924844373,1.0357887161802786,1.0394203283008507,1.043064673333443,1.046721795921327,1.0503917408643004,1.0540745531192348,1.0577702778006266,1.0614789601811492,1.0652006456922076,1.0689353799244965,1.0726832086285567,1.0764441777153366,1.0802183332567548,1.0840057214862777,1.0878063887994303,1.091620381754449,1.095447747072795,1.0992885316397423,1.1031427825049485,1.1070105468830356,1.1108918721541652,1.1147868058646209,1.118695395727389,1.1226176896227442,1.1265537355988358,1.1305035818722766,1.134467276828838,1.1384448690237616,1.1424364071825048,1.1464419402014978,1.1504615171485504,1.1544951872659477,1.1585429999614483,1.1626050048231924,1.1666812516107843,1.1707717902582981,1.1748766708748832,1.178995943745378,1.183129659330928,1.1872778682695997,1.1914406213770046,1.1956179696469214,1.1998099642519184,1.2040166565439994,1.2082380980553016,1.2124743404983147,1.2167254357671204,1.2209914359377299,1.2252723932687546,1.2295683602018328,1.233879389362726,1.2382055335615723,1.2425468457936888,1.2469033792402051,1.2512751872687093,1.255662323433905,1.2600648414782656,1.264482795332691,1.2689162391171727,1.2733652271414537,1.2778298139056898,1.2823100541011243,1.2868060026107564,1.2913177145100263,1.2958452450675233,1.3003886497454444,1.3049479842005207,1.3095233042847316,1.314114666045796,1.3187221257279524,1.3233457397726398,1.3279855648191892,1.3326416577055136,1.3373140754688095,1.3420028753462523,1.3467081147757596,1.3514298513964638,1.3561681430497394,1.3609230477797267,1.3656946238566645,1.370482929688072,1.375288023951772,1.3801099655109323,1.3849488134344292,1.389804626998211,1.3946774656860537,1.399567389190292,1.404474457412549,1.4093987304644726,1.414340268668469,1.4192991325584443,1.4242753828805417,1.4292690805938897,1.4342802868713485,1.4393090631002576,1.4443554708831883,1.4494195720386989,1.4545014286021227,1.4596011028261886,1.4647186572188589,1.4698541543954693,1.4750076573050814,1.4801792290769378,1.4853689330628608,1.4905768328367994,1.4958029921956102,1.501047475159735,1.5063103459742024,1.5115916691092492,1.5168915092611632,1.5222099313530173,1.5275470005355887,1.5329027821879961,1.5382773419186537,1.5436707455659864,1.5490830591992573,1.5545143491193734,1.559964681859713,1.565434124186908,1.570922743101699,1.5764306058397377,1.5819577798724123,1.5875043329076732,1.5930703328908857,1.5986558480055761,1.6042609466743953,1.6098856975598743,1.6155301695652788
Mcm,0.93289256,0.8672171189557351,0.7751579307712027,0.6830443405341631,0.5924190039650704,0.5037366950516763,0.4175760772559212,0.33475136788243226,0.2564538524162956,0.18445900147857083,0.12136907254735649,0.07060162989042558,0.03521848662859941,0.015089085553160568,0.005806984551379799,0.002119917811243853,7.626477613674338E-4,2.783569857158304E-4,1.0738050174087882E-4,4.7109973273053655E-5,2.5748193674844545E-5,1.8047749924436767E-5,1.5150923640606224E-5,1.3955984554171742E-5,1.3376378562893476E-5,1.3030544641024184E-5,1.2783580596373095E-5,1.2587137205424095E-5,1.2422904890238917E-5,1.2283712608636485E-5,1.2166200894439955E-5,1.2068198088130448E-5,1.1988933037492919E-5,1.1927057049195052E-5,1.1882125431838905E-5,1.1853397105847837E-5,1.1840870183585182E-5,1.1844074588736451E-5,1.186290332917163E-5,1.1897374826695952E-5,1.1947612635761709E-5,1.2013855204528252E-5,1.2096457510793677E-5,1.2195897488411095E-5,1.231278052638587E-5,1.244784683929136E-5,1.2601985434822467E-5,1.2776235880099894E-5,1.2971818714590463E-5,1.319013635208244E-5,1.3432804936030212E-5,1.3701672401339743E-5,1.399884836411359E-5,1.4326734341380928E-5,1.4688059964233327E-5,1.5085924430888147E-5,1.5523846126747392E-5,1.6005815563197024E-5,1.6536347119129192E-5,1.7120564127842427E-5,1.7764262005010337E-5,1.847399957520751E-5,1.9257185599004216E-5,2.0122192948103517E-5,2.107845545487745E-5,2.2136587741643287E-5,2.3308502615753346E-5,2.4607452698590616E-5,2.6048513124356487E-5,2.764817116524767E-5,2.9424511788721023E-5,3.139777267898048E-5,3.3589602956431664E-5,3.6023586995856894E-5,3.8724899134419375E-5,4.172013886356364E-5,4.503707080726698E-5,4.870424263411309E-5,5.275092771731646E-5,5.7206609229922947E-5,6.210142693393057E-5,6.746800557033008E-5,7.334343294284772E-5,7.977694395114281E-5,8.684251004291496E-5,9.466004894654145E-5,1.0342672973433445E-4,1.1346024046578128E-4,1.2526334040716908E-4,1.3963561476941768E-4,1.5788624941182394E-4,1.8223724969397358E-4,2.1643197502354205E-4,2.6446842305070825E-4,3.240915863092019E-4,3.9164720112184353E-4,4.658422793977707E-4,5.464417624892624E-4,6.33664762774338E-4,7.279897854921381E-4,8.301045879160883E-4,9.409099578892463E-4,0.0010615450387395108,0.001193424292506972,0.0013382837454650979,0.0015092774738423536,0.001737489243989179,0.002034291472157467,0.0024054346820777043,0.002859089315864465,0.0034077238612966244,0.004068330061868424,0.00486207881200732,0.0058134940107760075,0.006949013398725825,0.0082949517567977,0.009875205838806592,0.011709345738735189,0.01381171422301115,0.016191713180076426,0.01885510272577449,0.021805727972446756,0.025047222969431848,0.028584419942424985,0.032424382503904364,0.036577110966913635,0.04105600300183475,0.045878161011734676,0.05106461801253979,0.056640530794755534,0.06263537816324832,0.06908318275802636,0.07602276693470605,0.0834980466271414,0.09155836363659711,0.1002588452057222,0.1096607827642488,0.11983201768018671,0.13084730466867403,0.14278865496216556,0.15574560581026398,0.16981538316205871,0.18510293070109166,0.2017207381447666,0.21978840585630308,0.23943186555856596,0.2607821321080297,0.283973463131963,0.3091407098474892,0.33641560298440376,0.3659215696666413,0.39776656024427826,0.43203307139020863,0.4687642202213791,0.507944405510205,0.5494718617406316,0.5931204496936932,0.6384867964381364,0.6849197598420653,0.7314344348737368,0.7766300388999299,0.8186733732552292,0.8554797541139708,0.8852442060790291,0.9072297481305437,0.9222117085717288,0.9320178971848286,0.9385695418272209,0.9432694021843061,0.9469376555869974,0.9499950572973247,0.9526470052917202,0.9549975759114225,0.9571062433767653,0.9590123494121181,0.9607450522544345,0.9623274185586428,0.9637783047205445,0.9651134041308269,0.9663459242742664,0.9674870671864068,0.9685463842326962,0.9695320346688532,0.970450958808501,0.9713089494488448,0.9721105499124288,0.972858572553699,0.9735528529692893,0.9741882314394887,0.9747534493539324,0.9752327240205184,0.9756084847369038,0.975862992172992,0.9759785068969413,0.9759365658040552,0.9757167789459089,0.9752952724538756,0.9746426957176282,0.9737215089484271,0.9724819570961137,0.9708554447637315
Mih1a,0.80809075,0.6669512067495027,0.49009397538906563,0.32230704790849246,0.17409197750904723,0.06413406441101029,0.013122431656568238,0.0018233466793546086,2.453430278927529E-4,4.524367075152523E-5,1.8191928365841534E-5,1.299766845568543E-5,1.0993060771707343E-5,9.808460926536878E-6,9.03758123847683E-6,8.508827911360144E-6,8.11726357821542E-6,7.805908291168497E-6,7.54645488877443E-6,7.3246219803395194E-6,7.132403161877661E-6,6.960905430794371E-6,6.805241775295268E-6,6.665126576462801E-6,6.540069376730776E-6,6.429195136642857E-6,6.331507196732934E-6,6.2460387916436195E-6,6.171914748763886E-6,6.108363452079591E-6,6.054849532449797E-6,6.0104871156588725E-6,5.975296535709711E-6,5.948524175207258E-6,5.930103021124639E-6,5.91959655807519E-6,5.9171804060560805E-6,5.9225375851637305E-6,5.935674812128753E-6,5.956636168445189E-6,5.985509783979635E-6,6.0224425483071866E-6,6.067639153040042E-6,6.1213684177851145E-6,6.183962916339662E-6,6.255825504622587E-6,6.337435299959542E-6,6.429348772159591E-6,6.53221868085904E-6,6.6467901564706E-6,6.7739215567167435E-6,6.9145924620755865E-6,7.0699198453139965E-6,7.241173726402188E-6,7.42979754960811E-6,7.6374291703691E-6,7.865926895384795E-6,8.1173983649439E-6,8.39422600803494E-6,8.699115010550914E-6,9.035124471881267E-6,9.405714132244286E-6,9.814791045955007E-6,1.0266770130009972E-5,1.0766619965356018E-5,1.131992814092573E-5,1.1932952617044645E-5,1.2612655825864497E-5,1.336695680734543E-5,1.4204490363766382E-5,1.5134704156727494E-5,1.6168083458510083E-5,1.7315900636034636E-5,1.8590359211199864E-5,2.000441442263743E-5,2.157168841820021E-5,2.330632363463511E-5,2.52227486461791E-5,2.733577128685411E-5,2.9660148036662753E-5,3.221106059491936E-5,3.500550288064866E-5,3.80629912945995E-5,4.141119795525829E-5,4.509312885373585E-5,4.9179906684047094E-5,5.378876828011754E-5,5.910761212486456E-5,6.543257541920976E-5,7.323566350897579E-5,8.329602855846517E-5,9.694757005623753E-5,1.1642264836439604E-4,1.4364360560508541E-4,1.7604755741744126E-4,2.116482112559347E-4,2.502276969734193E-4,2.919056573473418E-4,3.3689900993639794E-4,3.8550373682282843E-4,4.381048199075255E-4,4.95191361618376E-4,5.573742104902211E-4,6.254064248843848E-4,7.002075103090236E-4,7.917403914977479E-4,9.180580785908375E-4,0.0010807882380952222,0.0012813304296507894,0.001523876698576276,0.0018151299461778437,0.0021639175441328746,0.0025807648412752176,0.0030772407618293906,0.0036649571664684366,0.004354278890533473,0.005153019348424333,0.0060655399023600495,0.007092571676587803,0.008231744683182834,0.009478607885807077,0.010827725216025503,0.012273613435846818,0.013811410137589896,0.015437278649095321,0.017148611117695015,0.018944100201307483,0.020823734410353654,0.022788758959520962,0.02484163136826487,0.026985987340680778,0.029226628088693474,0.03156953471646325,0.03402191349113927,0.036592273098625484,0.039290537480409074,0.042128195282656905,0.045118489671017434,0.048276650740459844,0.05162018142322027,0.055169196594649805,0.058946825969322186,0.06297969348951815,0.06729848055314124,0.07193858839629981,0.07694091028471449,0.08235273899462886,0.08822880884722534,0.0946325029909793,0.10163721211529836,0.10932788996217194,0.11780273204205617,0.12717498637379712,0.13757479099575887,0.14915089187106156,0.16207208758517258,0.17652794827506876,0.19272840407133351,0.21090152127355194,0.23128864364021304,0.2541360732823095,0.2796828735611921,0.30814545747347044,0.33969944118481554,0.37445401774754833,0.41241659112474816,0.4534587641704222,0.4972879425148115,0.5434164823788229,0.5911223493200567,0.6394047701033798,0.6869518842142184,0.7321567764738879,0.7732463554278635,0.808587139422153,0.8371461407164673,0.8588820447695263,0.8747382053348068,0.8861852517405158,0.8946607934438998,0.9012509104344809,0.9066515043182936,0.911266708922517,0.9153220432727259,0.9189456574599042,0.922214808778665,0.9251780634827599,0.9278626889848465,0.9302734019342508,0.9323906529120906,0.9341763225124128,0.9355839112312716,0.9365652057760527,0.9370710667467795,0.9370481897007408,0.9364337338126946,0.9351484605740013,0.9330880549921639,0.9301113687913711,0.9260233022568437,0.920547834472078
Modified Swe1,0.018360127,0.027903767844138897,0.03056253255299658,0.030296649726505285,0.02994718351356773,0.029596193886972686,0.029247845482358065,0.028902976606572945,0.02856185204686869,0.028224556926637487,0.027891106436347447,0.02756148431120898,0.027235660816810718,0.02691360723321174,0.026595303243541167,0.026280729226081007,0.025969857394501875,0.025662652289083987,0.025359074476978462,0.025059083004689592,0.02476263656622213,0.024469694832284596,0.024180216846604836,0.02389416151924274,0.023611488401524515,0.023332157590088127,0.023056129668639406,0.02278336568045477,0.022513827115538388,0.022247475905177113,0.02198427437124919,0.02172418542839981,0.021467172140327718,0.0212131982503201,0.020962227779735526,0.020714225280656806,0.020469155501882094,0.020226983846616593,0.019987675986690375,0.019751198013889706,0.01951751641758102,0.01928659807362613,0.019058410243428848,0.018832920564461342,0.018610097049276922,0.018389908077305932,0.018172322395277912,0.017957309101674746,0.017744837655248438,0.017534877854502272,0.01732739984537213,0.017122374107182554,0.016919771449707514,0.0167195630080391,0.016521720232512922,0.016326214883505927,0.016133019027987937,0.01594210502952571,0.015753445540344926,0.015567013494281167,0.015382782097163563,0.015200724820901033,0.01502081539209641,0.014843027783579354,0.014667336205566773,0.014493715095692812,0.014322139112046318,0.014152583120222367,0.013985022181434683,0.01381943154778087,0.013655786681137127,0.013494063221567824,0.013334236989178218,0.013176284001397517,0.013020180477881617,0.012865902852791607,0.012713427791082582,0.012562732217343693,0.012413793288020948,0.012266588462100858,0.01212109541565001,0.011977291849053148,0.011835155479095397,0.011694663243784494,0.01155579059372278,0.011418510034409015,0.011282789237484147,0.011148588492095405,0.011015856735563488,0.010884524260327632,0.010754488531443937,0.010625587940761884,0.010497569699432966,0.010370267766657098,0.01024400653346686,0.010118910344739739,0.009994959641895684,0.009872125235666189,0.009750372743165802,0.009629661674883704,0.009509944430953625,0.009391165199066477,0.009273258736980726,0.009156149011628725,0.010883517642531346,0.042373562046913664,0.05845122740368654,0.06694157933457077,0.07169383416653875,0.07459855588872187,0.07658210593984552,0.07809687906099773,0.07936224157265583,0.08048307704617481,0.08150825486169613,0.08245962881016895,0.083346539706094,0.08417299820730512,0.08494111417437973,0.0856525365370178,0.08630890627477236,0.08691187167734263,0.08746296874249428,0.08796349854632449,0.08841444530578747,0.08881643720369946,0.08916973789915597,0.08947425770941371,0.08972957350345251,0.08993495002456478,0.09008935897566615,0.09019149317078734,0.09023977473615202,0.0902323572434602,0.09016712218714742,0.09004166967251705,0.0898533047291649,0.08959901951193533,0.08927547262892478,0.08887896566950214,0.08840541907173832,0.08785034907825405,0.08720884718587994,0.08647556580586117,0.08564471383181517,0.08471006791346919,0.08366500584295568,0.0825025717906989,0.0812155844609122,0.07979680232926538,0.07823916160248762,0.07653610463660529,0.07468201814517368,0.07267279635385215,0.07050653442744208,0.06818435905151655,0.06571135879791701,0.0630975756932559,0.0603589722998743,0.057518271811500335,0.054605573198760284,0.05165867134763327,0.04872269888993924,0.04584682486287158,0.04307621887626089,0.040445327332342976,0.03797563854400037,0.0356762043650986,0.033546346389277594,0.03157917916976158,0.02976455296706525,0.028090986849433133,0.026546778709347085,0.02512059835986267,0.02380178765273411,0.022580494465172476,0.021447716213046673,0.02039529026747999,0.019415855231891613,0.01850279782577891,0.01765019419241119,0.016852752565731596,0.0161057629709752,0.015405061601696987,0.014747025281864551,0.014128633711159829,0.01354769306593463,0.013003369071983344,0.012496924825043148,0.01203183379884303,0.011612779867874252,0.011244471819755016,0.010931055636016991,0.010676050710306726,0.010482535245464464,0.010353420011234862,0.010291745933317014,0.01030100330664143,0.010385503797923497,0.010550903636613602,0.010805107993982635
Phosphorylated Cdc28-Clb2-Sic1,1.402314E-5,1.128347469426105E-4,1.4550144608963835E-4,1.2290624616249663E-4,9.485369751787466E-5,7.319268460200384E-5,5.9175601040703734E-5,5.095039139002048E-5,4.639481297523163E-5,4.393011704402305E-5,4.257885407585569E-5,4.1803825461457786E-5,4.142788154062789E-5,4.152212736982266E-5,4.2246659583497664E-5,4.370022650599767E-5,4.586906239114302E-5,4.8668462817511456E-5,5.200004010034107E-5,5.578438211260588E-5,5.9936961787399956E-5,6.390900128717389E-5,6.754504774147655E-5,7.092961479773555E-5,7.414910152070295E-5,7.72692578309645E-5,8.033468701852377E-5,8.337399203490209E-5,8.640514880154846E-5,8.943943556397024E-5,9.248423616199749E-5,9.554462150046449E-5,9.862448979540638E-5,1.0172709442376703E-4,1.048554225416422E-4,1.0801238845543951E-4,1.1120096401841679E-4,1.144242384559962E-4,1.1768547849131258E-4,1.209881596696495E-4,1.2433599773313992E-4,1.2773297470563703E-4,1.3118336663230218E-4,1.3469177131061102E-4,1.3826313798793335E-4,1.4190279830034972E-4,1.4561650121193634E-4,1.494104483054432E-4,1.532913319987751E-4,1.5726637565157618E-4,1.6134338169492525E-4,1.655307708343313E-4,1.6983763431992666E-4,1.7427378478806715E-4,1.788498007726728E-4,1.8357708115312852E-4,1.884679080225198E-4,1.9353549497309747E-4,1.9879403854542469E-4,2.042587787576824E-4,2.0994604873825535E-4,2.1587333954428757E-4,2.2205934947740598E-4,2.2852405142634213E-4,2.3528875788338474E-4,2.4237620439963978E-4,2.498106533269474E-4,2.5761798879748505E-4,2.658259448691212E-4,2.7446434399930786E-4,2.835652878375812E-4,2.9316401542461753E-4,3.0329933187811097E-4,3.1401494895356177E-4,3.2536122996513534E-4,3.373979919414758E-4,3.501989426836536E-4,3.6385891850813473E-4,3.78505912140228E-4,3.943217912129814E-4,4.1157833075055326E-4,4.3070188463854907E-4,4.5238687978399185E-4,4.7779802913614985E-4,5.088912181900338E-4,5.488967541185704E-4,6.029936259292445E-4,6.793215790746768E-4,7.907768403689583E-4,9.585321662069825E-4,0.0012190267884211719,0.0016371533376997299,0.002322202678422998,0.0033471754288827964,0.004623812131885258,0.00611996201285099,0.007821526361187697,0.00971419037296761,0.011783264118566637,0.014013656902079907,0.016389853158180794,0.018895873978015284,0.02151521263597059,0.02423073473917938,0.027022464162723553,0.02884092948017641,0.029498885790351478,0.029571861170999726,0.029341857345264535,0.02895160355057042,0.028472653845402176,0.027939145184422236,0.027365746407134118,0.026757737225641988,0.02611698827355941,0.02544555782877086,0.024747581577582577,0.024029731025291583,0.023300594067059865,0.02256951324259796,0.021845422723660014,0.02113602027149782,0.020447359374979848,0.019783780043819418,0.019148056817183925,0.018541649457992724,0.017964979057992304,0.017417689161199464,0.016898869864956357,0.016407238311746817,0.01594127857156701,0.01549934565581111,0.015079740264474034,0.014680761231659796,0.014300740090075552,0.013938063863621003,0.01359118843835739,0.013258645974875562,0.012939048262368262,0.01263108764194283,0.012333536314451653,0.012045245112159854,0.011765142248509493,0.011492232292955793,0.011225595660169174,0.010964388751134658,0.010707844587551215,0.010455274062107316,0.010206067455575082,0.009959696011662456,0.009715713607980238,0.009473757843090826,0.009233550883310385,0.008994899741592862,0.00875769592660244,0.00852191442160961,0.0082876106887466,0.008054913082583551,0.007824002840002653,0.007595061483084419,0.007368137346780793,0.007142832405433035,0.006917781940211048,0.006690740337590226,0.006460486666084933,0.00622818266912955,0.005996333454607046,0.00576741470413302,0.005543289999175845,0.005325186675575493,0.0051138605425088786,0.004909759952708601,0.004713136996495065,0.00452411272383869,0.0043427137654799604,0.00416889413077918,0.004002550316072764,0.0038435329992880587,0.003691656995145535,0.003546710037589075,0.0034084606206744366,0.0032766652044149257,0.0031510751397813225,0.0030314441097680266,0.002917538008074825,0.0028091519238595004,0.0027061463071912095,0.002608526071665496,0.0025165720353809693,0.0024309371219495106,0.002352574917764251,0.0022825457455971335,0.0022218525461513835,0.0021713681893775223,0.0021318332678333853,0.0021038902243348044,0.0020881321863758136,0.0020851576856385267,0.00209563229153814,0.0021203676941658612,0.002160445992479513
Phosphorylated Clb2,3.0203049E-5,1.7353211930634573E-5,6.366305607143007E-7,3.102035363620446E-7,1.8002520474505695E-7,1.1452211223400089E-7,7.980260796437178E-8,6.074481893170192E-8,4.9727308288709186E-8,4.287202442213604E-8,3.823991145710292E-8,3.487522315515368E-8,3.237408798454122E-8,3.061568218243969E-8,2.9568962784267726E-8,2.917770898315091E-8,2.9338655934954502E-8,2.993386306692039E-8,3.086247854020659E-8,3.20529223000794E-8,3.3443059392327866E-8,3.473248292667949E-8,3.585565354861042E-8,3.6873368807955354E-8,3.7840956996018135E-8,3.879882185479941E-8,3.977426253692176E-8,4.078545756879559E-8,4.1844899298550996E-8,4.296186252156874E-8,4.414444694012486E-8,4.539844219003243E-8,4.673044921617992E-8,4.815026875757956E-8,4.9662827959056946E-8,5.127921846909585E-8,5.3004510849588134E-8,5.485254218766088E-8,5.683386954575336E-8,5.8961448701995375E-8,6.124985433429388E-8,6.371550393849464E-8,6.63769401330714E-8,6.925515149581024E-8,7.237395274311586E-8,7.57604224152801E-8,7.944546306197575E-8,8.346433813084467E-8,8.785749353329906E-8,9.267135932841622E-8,9.795939782361538E-8,1.0378331434645746E-7,1.1021449117041811E-7,1.1733578153869787E-7,1.2524334704521797E-7,1.3404948649335273E-7,1.438852495222955E-7,1.5490412155923604E-7,1.6728617650253632E-7,1.8124312033119003E-7,1.9702452000785574E-7,2.149248602438325E-7,2.352921666973137E-7,2.585391528829585E-7,2.8515498857710364E-7,3.157193926379076E-7,3.509133343267188E-7,3.915724590581923E-7,4.386551864716317E-7,4.932808922693127E-7,5.569198504333538E-7,6.310927090309231E-7,7.177446968118319E-7,8.191339589968261E-7,9.379176536407505E-7,1.077218395604793E-6,1.240697975017666E-6,1.4326655465915164E-6,1.6582361896547126E-6,1.923468119021218E-6,2.2358471361465906E-6,2.604702251617912E-6,3.043905968403486E-6,3.571534847793657E-6,4.217766999828532E-6,5.0316294495701335E-6,6.095092084544503E-6,7.5458985907636445E-6,9.61866729579424E-6,1.2725698158602085E-5,1.7625218361336518E-5,2.5778524154594768E-5,3.99613609792278E-5,6.325250277307253E-5,9.592571385221657E-5,1.3920704358831468E-4,1.9486131737466632E-4,2.648852901680897E-4,3.515642101559981E-4,4.5754694054976977E-4,5.859404993877642E-4,7.404278954276787E-4,9.254148906395088E-4,0.0011462104284534586,0.001409120828901678,0.00166145664329355,0.0018854235524630733,0.0021068049627146423,0.0023417982723041744,0.0026023178899494096,0.002898208427595222,0.003238134655706738,0.0036296641767043867,0.0040787545806811615,0.004588869362519732,0.005160081801299003,0.005788621009904423,0.006467189118120405,0.007186024241531132,0.007934329925246586,0.008701611153390399,0.009478610375496702,0.010257779929519617,0.011033385318881752,0.011801370317611547,0.012559106563712868,0.013305110628611463,0.014038772309503515,0.01476011859314609,0.015469621299035485,0.016168046040320315,0.016856337585944407,0.017535535689357448,0.018206713890334604,0.018870936511767453,0.019529228116485737,0.02018255197762372,0.020831794974125968,0.021477755261247136,0.022121132092638225,0.022762515916877526,0.023402377552098858,0.02404105546265937,0.02467874058010376,0.025315457875711087,0.025951044325039738,0.02658512270603209,0.027217071429618832,0.027845989998484047,0.028470661327730407,0.029089510112531317,0.029700560164979992,0.030301391201287903,0.030889097974594132,0.031460257273734325,0.03201090675414985,0.032536552057661844,0.033032223946560704,0.033492635681339526,0.03391254475634851,0.03428755611130775,0.03461584231250384,0.034901118072273855,0.03515403835983246,0.03538647106859622,0.035605107980141576,0.03581191539843449,0.03600679770222395,0.03618917583888231,0.036358547907437845,0.0365145955468099,0.036657156637879836,0.036786183442249924,0.0369017129828677,0.03700384827491681,0.037092745309533895,0.03716860145352391,0.03723164382791846,0.037282116660941104,0.03732026640314523,0.03734632282121827,0.03736047195025658,0.03736281207206025,0.037353272491546914,0.037331443803872634,0.03729618597379266,0.037244674534282,0.03717032518674279,0.037059857471231826,0.036892144740514846,0.03664063860226559,0.03627712922155879,0.035774718644748155,0.03510987635748771,0.03426396727710299,0.03322444559705705,0.03198572639693683,0.03054962232856879,0.028925210052141943,0.02712790566069411,0.025177407915310666
Phosphorylated Swe1,2.0500785E-4,9.592152019854718E-5,5.495652680707028E-6,1.4853867730567215E-6,1.0192560412152322E-6,8.319463765083266E-7,7.202506691776928E-7,6.391883947846938E-7,5.733097987304807E-7,5.170967876574298E-7,4.692649315134167E-7,4.306840955120238E-7,4.0310652616665486E-7,3.871100816909112E-7,3.8047914612546877E-7,3.795865579303724E-7,3.816554294385917E-7,3.85213763268316E-7,3.8959907848482343E-7,3.9453118866137237E-7,3.9988430721052306E-7,4.053140770785749E-7,4.1076951420518023E-7,4.1638692846167447E-7,4.2224584166732523E-7,4.283938802236086E-7,4.348638605137782E-7,4.4168230786523894E-7,4.488738973043006E-7,4.564638889463701E-7,4.644704996760619E-7,4.729461356481111E-7,4.818902255609975E-7,4.913562356387648E-7,5.013731068980457E-7,5.120011755110573E-7,5.232470375212535E-7,5.351902049915027E-7,5.478781859507091E-7,5.613711501114254E-7,5.757363019968733E-7,5.910480224843023E-7,6.073897562238089E-7,6.248541374871235E-7,6.435437807200488E-7,6.635738838902552E-7,6.850766240451618E-7,7.081921667748732E-7,7.330897479050199E-7,7.599491052537593E-7,7.889792326890302E-7,8.204149533070845E-7,8.545226013242099E-7,8.916036423571145E-7,9.320014954715751E-7,9.761065147108393E-7,1.0243638721643239E-6,1.0772821321130059E-6,1.1354407272218292E-6,1.199504166219398E-6,1.270233226740362E-6,1.3484983701852314E-6,1.4352967256597386E-6,1.531772187814712E-6,1.6392328890962192E-6,1.759176279765318E-6,1.8933075947747749E-6,2.0435783817308874E-6,2.212219960459548E-6,2.4017682472605157E-6,2.615047190684791E-6,2.855239416530573E-6,3.1259295326221444E-6,3.431080185612636E-6,3.775049913115165E-6,4.162592495528331E-6,4.598842810839126E-6,5.089263214083834E-6,5.6397220427593605E-6,6.256294984074472E-6,6.9454381764427475E-6,7.714425235360022E-6,8.571207742162793E-6,9.52628306061475E-6,1.0594420544158368E-5,1.1798384562345148E-5,1.3174177500285369E-5,1.4778553365793924E-5,1.6700993600496008E-5,1.9085614772574784E-5,2.2173814494361363E-5,2.638432511607945E-5,3.241837884194756E-5,4.077464261039404E-5,5.054889234175003E-5,6.136718993281184E-5,7.326702547117447E-5,8.631732667018227E-5,1.0060693387358163E-4,1.1624916909782447E-4,1.333870486473617E-4,1.5219922443838083E-4,1.729067708999952E-4,1.957810158868286E-4,2.1510094265592597E-4,1.628355917766067E-4,1.2599664467328333E-4,9.640646594862944E-5,7.72911357413202E-5,6.790544377226516E-5,6.606839139491664E-5,6.981953086202456E-5,7.784964855835618E-5,8.940759853869088E-5,1.0409457267937854E-4,1.21680195189346E-4,1.419718349563188E-4,1.647403476690548E-4,1.8969652410303486E-4,2.1650284700068902E-4,2.4480217717006434E-4,2.742468951033307E-4,3.0452042836792795E-4,3.353489143699282E-4,3.6650457776809934E-4,3.9780362784520433E-4,4.291012946790436E-4,4.6028558065108933E-4,4.912709311877008E-4,5.219924526848689E-4,5.524008292034995E-4,5.824580232656558E-4,6.121336755419203E-4,6.414020582933924E-4,6.702394154584628E-4,6.986216011707154E-4,7.265218070607566E-4,7.539082802869544E-4,7.807419061533805E-4,8.069735273837715E-4,8.325408992657072E-4,8.57365164429129E-4,8.813467465712516E-4,9.043605809955309E-4,9.26250617671752E-4,9.468235841382308E-4,9.658420149644272E-4,9.83016723715511E-4,9.979988917768771E-4,0.001010372244545494,0.001019645714654838,0.0010252476608893354,0.0010265226964840343,0.001022733135128741,0.00101306806914071,9.966654225796081E-4,9.726570242172827E-4,9.402559286435103E-4,8.989272439627936E-4,8.487341495182291E-4,7.910654561797884E-4,7.300919029782169E-4,6.743602127804287E-4,6.33089875894831E-4,6.071144454070327E-4,5.910856158003356E-4,5.802879842825391E-4,5.720090767654794E-4,5.648413660744993E-4,5.580717658979511E-4,5.513453520212966E-4,5.444919964666002E-4,5.374376768844127E-4,5.301584256826214E-4,5.226563917751135E-4,5.149471183088922E-4,5.070526641259061E-4,4.989978617066867E-4,4.908082327594673E-4,4.825088209771717E-4,4.7412353357337723E-4,4.656747563485729E-4,4.5718310399510696E-4,4.4866718595904914E-4,4.4014322182870893E-4,4.316241621409149E-4,4.2311750629880457E-4,4.146206849683483E-4,4.0611560413721895E-4,3.9757010379359923E-4,3.889488353302441E-4,3.8022374836081603E-4,3.7137839101777215E-4,3.624081339812442E-4,3.5331924056596054E-4,3.4412821851406423E-4,3.3486212761593356E-4,3.2556016969828366E-4,3.1627722853333414E-4,3.0709027932824114E-4,2.9810950802034564E-4
Phosphorylated, modified Swe1,0.013336782,0.0031758689383644136,1.2040525909382079E-4,2.1866079900645728E-5,1.2200822787369282E-5,8.483629827118314E-6,6.404056170527135E-6,5.0405804632584116E-6,4.063040116682226E-6,3.3283196370656183E-6,2.766950556425643E-6,2.3430729048539782E-6,2.0357260106199578E-6,1.8241249945440855E-6,1.6803975088493285E-6,1.5773996013009142E-6,1.4973853531719686E-6,1.4312133494538637E-6,1.3744374095072224E-6,1.324747794841436E-6,1.2807520716368993E-6,1.2406317501382618E-6,1.2037369667537596E-6,1.1700485169643091E-6,1.1393952697846165E-6,1.1115474842571808E-6,1.0862701368241588E-6,1.063344525472656E-6,1.0425748115455178E-6,1.0237873331994847E-6,1.0068745212192126E-6,9.915881760302766E-7,9.77974718502847E-7,9.658419943248335E-7,9.551526120724285E-7,9.457671204597707E-7,9.377714860268864E-7,9.310153013781876E-7,9.254906348705512E-7,9.211769138674158E-7,9.18059108716892E-7,9.161319531518117E-7,9.153963701039101E-7,9.158645273083975E-7,9.175555660649926E-7,9.204993830436623E-7,9.24731058646444E-7,9.303020621498261E-7,9.372673757968937E-7,9.456992430723483E-7,9.556792142610621E-7,9.673031376620275E-7,9.806817344692819E-7,9.959424973837616E-7,1.013231115909849E-6,1.0327137854653506E-6,1.0545794289337839E-6,1.079042485917045E-6,1.106345270906939E-6,1.1367620482171725E-6,1.1706022758708568E-6,1.2082141119153798E-6,1.2499886946327266E-6,1.296365167525947E-6,1.3478338410450614E-6,1.4049415648926136E-6,1.4682932724563728E-6,1.5385601403989657E-6,1.6164855301579781E-6,1.7028852990058254E-6,1.7986238034482779E-6,1.9046391154382784E-6,2.0219379393852955E-6,2.151572955026248E-6,2.2946337320796617E-6,2.452230740543416E-6,2.6254760220686047E-6,2.8154518896047365E-6,3.0232368210980447E-6,3.2498330404019364E-6,3.496250205933782E-6,3.763693954561695E-6,4.0535638805283765E-6,4.368231075548259E-6,4.711705961640875E-6,5.0910254754094085E-6,5.518024958320241E-6,6.011710117093612E-6,6.6019637196292615E-6,7.336426922635896E-6,8.293981251354434E-6,9.609738207548769E-6,1.150500219502021E-5,1.410825296229638E-5,1.7061887560042584E-5,2.0217690091647932E-5,2.3573090555268012E-5,2.7135298502933448E-5,3.0916685420210735E-5,3.4935532852259336E-5,3.9216849896083495E-5,4.3793265453156823E-5,4.870600955359664E-5,5.400601080890891E-5,6.642526694323636E-5,2.133317047245098E-4,2.9329776429980225E-4,3.621126783228674E-4,4.371352546435126E-4,5.247952219820396E-4,6.291728190915103E-4,7.540345918713407E-4,9.033480990520271E-4,0.001081243691644288,0.0012916969752549553,0.0015380666733836013,0.0018226378413152317,0.0021463395720052085,0.002508743592003063,0.0029083151481681343,0.003342815111840915,0.003809699623509023,0.004306442138251822,0.004830748059099242,0.0053806730744564765,0.005954670473734669,0.006551594559083221,0.00717067829396821,0.007811499748735022,0.00847394667261983,0.009158183270195701,0.009864622176297867,0.01059390251754492,0.011346873963527269,0.012124585691363224,0.012928280436651085,0.013759391652292384,0.0146195429666848,0.01551054864752087,0.016434413964632886,0.017393333359548256,0.018389684401773652,0.01942601528167614,0.020505022314853145,0.021629513512950203,0.02280235301300578,0.02402637977249488,0.025304293168747844,0.026638495318189088,0.028030880211224435,0.029482555586526064,0.03099348811504291,0.032562057555593146,0.03418451530263918,0.035854353284112274,0.037561593062035145,0.03929206084116521,0.041026728054837834,0.042741285044236695,0.0444062166598695,0.045987840465573124,0.04745111165649333,0.048765124126265394,0.04990922310180839,0.0508719929436153,0.05164583446899034,0.05222746189649541,0.052620433616166674,0.05283482137084002,0.0528849369900069,0.052787023546984994,0.052557665617521176,0.052212881556035574,0.05176766419850299,0.05123577683110279,0.05062969350291546,0.04996061755246842,0.04923854371173356,0.048472342654702585,0.04766985447182404,0.04683798263463733,0.04598278299241164,0.04510954209876524,0.04422283811314656,0.043326569667854066,0.04242391685229048,0.04151714389405876,0.04060710310972894,0.03969255423711766,0.038770124065476856,0.03783536395417454,0.03688395481856823,0.0359122850031203,0.034917494366784915,0.03389727241554379,0.03284957743858455,0.03177234396741376,0.030663182840401912,0.029519046477841517,0.02833576834984114,0.02710726339704242
SBF,0.12405464,0.029081362684966465,0.03871274123036458,0.04015544232900374,0.04096380082718434,0.04172746080949969,0.04250110444262215,0.04329459944151337,0.04411167426252289,0.04495460925227124,0.04582521829079136,0.04672515602304815,0.04765605713100293,0.048619655085555706,0.0496178733393102,0.0506528008882732,0.05172661835963807,0.052841585666091144,0.05400007414117756,0.05520460119087195,0.05645785736340271,0.057762736390504006,0.05912234400434218,0.06054001270935501,0.06201933286831629,0.06356417728758679,0.06517872654732579,0.06686749674082565,0.06863537041934319,0.07048762983666945,0.07242999438412734,0.07446866118491062,0.07661034838190256,0.07886234502715803,0.08123256180869914,0.0837295898188729,0.08636276062813357,0.08914221397578602,0.09207896706953575,0.09518499172562521,0.09847329865765297,0.10195801855069775,0.10565448755367288,0.10957934764673101,0.113750631323437,0.11818786179739078,0.12291213931434335,0.12794623400189906,0.13331466320620022,0.1390437585492939,0.14516173917699984,0.15169872839072743,0.15868678161200964,0.16615987854874315,0.17415385535444905,0.1827063347421923,0.1918566091107402,0.20164545130799894,0.21211488394662564,0.2233079017292146,0.2352681230406136,0.24803939033150407,0.2616652998728672,0.27618866437086265,0.29165091606799326,0.308091421472275,0.3255467203310411,0.34404967339239234,0.3636284996586654,0.3843056557211267,0.40609656604457134,0.429008103543417,0.45303680554844283,0.47816663742887355,0.5043662883122216,0.5315857238356841,0.5597518369306186,0.588762836501487,0.6184810632390211,0.6487237673063629,0.6792515161595034,0.7097541573274195,0.7398352186014903,0.7689978962879606,0.796640434848804,0.8220765015729472,0.844604166814828,0.8636423999107052,0.8789136744023782,0.8905775386891067,0.8991971104622812,0.9055342067332198,0.9103119982880726,0.9140824757236596,0.9172226609243365,0.9199648072295166,0.9224381326186379,0.9247125964332215,0.9268269360963933,0.928804157986649,0.9306593927832213,0.9324035954520786,0.9340452574418817,0.9355911889460793,0.937046890863823,0.938395484404732,0.939596527869947,0.9406539316278631,0.9415767757792668,0.942367138334827,0.9430203157058433,0.9435263962731752,0.9438717301630332,0.9440405127430661,0.944016749720164,0.943786530721622,0.9433401423560135,0.942673337018562,0.9417873069625193,0.9406875060997969,0.9393817770781883,0.937878483139334,0.9361849914910466,0.9343066220467765,0.9322460081718015,0.9300027355046186,0.927573137846607,0.9249501604423984,0.9221232215916616,0.9190780260127883,0.9157962977390828,0.9122554067582952,0.908427869723764,0.9042807002008698,0.8997745880898519,0.8948628858898731,0.8894903770548898,0.8835917935278084,0.8770900741724036,0.8698943015865506,0.8618973486385009,0.8529732269045536,0.8429741433625956,0.8317273601069546,0.8190319619073843,0.8046557352958672,0.7883323761706792,0.7697594442837143,0.7485974450304324,0.724470677463523,0.696970397802435,0.6656614221351767,0.6300934206344648,0.5898192292181377,0.5444240371459259,0.49357344398852054,0.43709560561325606,0.3751303925361952,0.3084193779798859,0.23890649396594887,0.1709982546842547,0.1135620162823608,0.07790478217545317,0.06288570995044146,0.05606906306860745,0.05131543545199201,0.04738499624967796,0.044033715016686036,0.0411450131573003,0.03863235768342626,0.036428563460399986,0.034481193769286066,0.0327489724631408,0.03119903148517188,0.02980488251533245,0.028544931934424728,0.027401393807435063,0.026359485185068147,0.025406821847828026,0.024532961290051662,0.02372905380217442,0.022987578629214012,0.022302152265805397,0.021667410873329823,0.021078995840596932,0.020533737275646717,0.020030287067573805,0.019570606907152694,0.019162047679117087,0.01881794409452393,0.018555662748578294,0.018394426288071898,0.018354722386562147,0.01845918311274384,0.01873448960221612,0.01921424118211512,0.01994316002212768,0.020983564809292324,0.022425980752060485,0.024407806179593757,0.027148845407509455
Sic1,0.0035491784,0.02532864285677129,0.13328341845701522,0.22180170726542237,0.29261792924058194,0.35435761397708704,0.41094543806361183,0.46416133095354145,0.5148245431581212,0.5633211629101895,0.6098396561319924,0.6544759267287317,0.697272760870419,0.7382547283951538,0.7774591138962231,0.8149418765659269,0.8507607307855164,0.8849616759870924,0.9175770068310507,0.9486283914032488,0.9781332799930246,1.0061371963387136,1.0326391501788963,1.057630477648291,1.0811073234446842,1.1030677099921928,1.1235101846944178,1.142433234031035,1.1598350627643803,1.175713551769385,1.1900662909268473,1.2028906478524521,1.2141838512924945,1.223943078566067,1.2321655404544543,1.2388485729298933,1.243989721684065,1.2475868381084916,1.2496381706732573,1.2501424719784409,1.2490991131233515,1.2465082056172812,1.24237074602458,1.236688776358401,1.2294655702454345,1.2207058401190658,1.2104159920360629,1.19860439353979,1.1852816967091695,1.1704611982795232,1.1541592748844773,1.1363958128277805,1.1171947540732585,1.0965846685622465,1.0745993363214987,1.051278432683693,1.026668294651596,1.0008226102683182,0.9738031238440208,0.9456803925934267,0.9165344032807563,0.886455205106823,0.8555432622563862,0.8239097415481171,0.791676473581783,0.7589756610786182,0.725949198043717,0.6927476162635595,0.6595285985320396,0.6264550173402395,0.5936925980681156,0.5614071394204952,0.5297614702383251,0.4989121460763532,0.46900611352859567,0.44017742796033865,0.4125442597381464,0.38620630791748156,0.3612428140062688,0.3377112594689517,0.31564680638258635,0.295062408115055,0.2759494524784587,0.2582785290859192,0.2420002423357419,0.22704576336128662,0.21332714170623876,0.20073624665499265,0.1891394128110887,0.17836362459626032,0.16816986055263794,0.15821231667880678,0.14803620327318415,0.1376890514879641,0.12798784700878427,0.11898808237551262,0.11060552276417787,0.10276489263794054,0.0954011954139207,0.08845951361333429,0.08189429642694089,0.0756684571647799,0.0697524376906995,0.0641233605047255,0.058764358075198406,0.05365938547076611,0.0487873043187806,0.044140709629242374,0.03972295743851132,0.03554412312577059,0.03161919523738617,0.02796673798646611,0.024607013241328447,0.021559021343329196,0.018836523262194885,0.016443914506202716,0.014373450438232018,0.012605124751287621,0.011109352864229967,0.009851281994224395,0.008795103506436622,0.007907215614232589,0.007157964733591155,0.0065222268605264816,0.00597926204695692,0.005512215498513861,0.005107505893417835,0.004754227036816457,0.004443620434464747,0.004168636168835428,0.003923576982838297,0.0037038155445829227,0.0035055722143174065,0.003325740875093244,0.003161752770425364,0.0030114701445625286,0.0028731030060196792,0.0027451431179465954,0.0026263124948378933,0.0025155222291451994,0.0024118398021899293,0.0023144630243620594,0.0022226989517545263,0.002135947073359205,0.002053685657577037,0.0019754605695338785,0.001900876337630387,0.0018295887570454411,0.0017612988542196524,0.001695747917709018,0.0016327134257781446,0.0015720057085740506,0.001513465211808285,0.0014569604199630654,0.0014023861626591685,0.0013496625625843337,0.0012987344012162236,0.0012495708086244992,0.001202164834350748,0.0011565316456676564,0.0011127020354177695,0.0010707045060818292,0.0010305328996568519,9.921434628763855E-4,9.555343326937468E-4,9.20773403688349E-4,8.879206062705037E-4,8.56973567652447E-4,8.278704519806971E-4,8.005144587633321E-4,7.747950250110717E-4,7.506002093079486E-4,7.278224388080277E-4,7.063607037868053E-4,6.861211118533743E-4,6.670167939456214E-4,6.489675945669371E-4,6.318996862292131E-4,6.157452539899811E-4,6.004421694123421E-4,5.859338181273957E-4,5.721690893971046E-4,5.591027179426186E-4,5.466963788870378E-4,5.3492156178845E-4,5.23766923626501E-4,5.132563758868723E-4,5.034841166336318E-4,4.946475001680085E-4,4.870328952364672E-4,4.8096759115142973E-4,4.767881317114706E-4,4.7483395721877617E-4,4.754556654490804E-4,4.790312221140586E-4,4.8598808455066196E-4,4.968319452293646E-4,5.121858847443483E-4,5.328476716046598E-4,5.598829917606511E-4,5.947978047960163E-4
Swe1,3.1588585E-4,7.19946420493795E-4,0.0010837811408691933,0.0013645215480141012,0.0016395876048157277,0.0019118948301272661,0.0021816737863397154,0.00244903883189291,0.0027140844001665833,0.002976899171763893,0.003237570300290426,0.003496184994477144,0.0037528316464390246,0.004007601954243542,0.004260592803261639,0.004511905209929332,0.00476164227656772,0.005009908868743408,0.005256812265237226,0.005502462800077405,0.005746974357143272,0.005990465056414055,0.006233057094371153,0.006474877209119431,0.006716057329199364,0.00695673499881124,0.007197053852017575,0.007437164137023286,0.0076772233003633075,0.007917396611369783,0.008157857880475489,0.00839879015399076,0.008640386655264364,0.00888285156882701,0.009126401107489662,0.009371264548007742,0.009617685495916059,0.009865923046752144,0.010116253213791023,0.010368970481839957,0.010624389512904947,0.010882846817223886,0.011144702755390506,0.011410343567371002,0.01168018364365433,0.011954667831415165,0.012234274096114875,0.012519516075262483,0.01281094594002369,0.013109157170825659,0.013414788002235297,0.013728524001058121,0.014051101519352838,0.014383310906870835,0.014725999021061632,0.015080072261392378,0.01544649997238025,0.01582631643601102,0.016220622705542854,0.016630588567531055,0.01705745324047384,0.01750252628801967,0.017967186728923137,0.018452882121348414,0.018961126175119504,0.019493495504808406,0.020051624961583792,0.020637201686902196,0.021251957646674733,0.0218976601772705,0.022576100793633612,0.023289081406762415,0.02403839781406551,0.02482581977686286,0.025653066993039462,0.026521779652827544,0.027433482655798997,0.02838954111836672,0.029391105096384366,0.03043904040497036,0.03153384139235269,0.03267552144589346,0.0338634784569597,0.03509633239198448,0.03637174597802135,0.037686254924361645,0.03903517180814566,0.04041266690651566,0.04181212980167522,0.043226815062750515,0.04465056255518135,0.04607825725375216,0.047505849749206436,0.04893063089852431,0.05035211099699276,0.051769804033453014,0.053183124822754904,0.05459162783769947,0.055994941156886475,0.05739272193614598,0.058784631071333006,0.060170317045378174,0.061549403425321385,0.06292147738323486,0.06244168542774549,0.03212978481229587,0.017274547141483167,0.0100041502362619,0.00644860369596921,0.0047111650220043174,0.0038629305420795216,0.0034489312261350574,0.0032462414688430074,0.0031455539023738373,0.003093232065182189,0.0030629715672252813,0.003041916803562471,0.0030238808730278593,0.003005992585881666,0.002987040070297957,0.0029666200998048377,0.002944711136481357,0.002921452356474355,0.002897033005910136,0.0028716389102872776,0.002845429623676468,0.002818530652933344,0.0027910331637823024,0.0027629968242858073,0.0027344536275798904,0.0027054116222877773,0.0026758580732652074,0.002645761875318892,0.0026150752215810197,0.0025837345585494344,0.0025516608789288684,0.002518759473120078,0.0024849191450325987,0.002450011006769557,0.0024138868033129353,0.00237637690393927,0.002337288053709227,0.002296400893145443,0.0022534674713489927,0.002208208926669462,0.0021603136754322068,0.0021094363781536916,0.002055198320555522,0.00199718965370072,0.001934974302764703,0.0018680980668010444,0.0017961010481608816,0.00171853535641303,0.0016349897367351832,0.0015451235447783195,0.0014487152909300773,0.0013457353240937347,0.0012364631579721665,0.0011216948486997686,0.0010031436741157244,8.842590778696725E-4,7.717308202261966E-4,6.761481353257352E-4,6.050132586773564E-4,5.544899766700369E-4,5.166339030263918E-4,4.8603267393314883E-4,4.597984826928011E-4,4.3643182118055E-4,4.151273231002421E-4,3.954284508170863E-4,3.7705835432205314E-4,3.598359555934732E-4,3.43633209123616E-4,3.283530249536324E-4,3.139174698019755E-4,3.002612603228498E-4,2.873280490233652E-4,2.7506819129518423E-4,2.6343734588869626E-4,2.5239556055674624E-4,2.4190666617815903E-4,2.3193790670628613E-4,2.2245981038268838E-4,2.1344643516054806E-4,2.0487639891075992E-4,1.9673576835969742E-4,1.8902454101411278E-4,1.8176566795408282E-4,1.750075319611384E-4,1.6881420850181527E-4,1.632528194057146E-4,1.5838649496886358E-4,1.5427305400366435E-4,1.509671541257038E-4,1.485245281259204E-4,1.47007940732397E-4,1.464954682393502E-4,1.470927610685975E-4,1.4895308132752212E-4,1.523135675513517E-4
Total Swe1,0.0322178027,0.031895504723195654,0.0317722146056403,0.031684522741193086,0.03159999119721204,0.03151740429330358,0.031436643575537486,0.0313576952073239,0.031280572796950686,0.031205301514826103,0.031131912952125813,0.03106044306268649,0.03099093129578653,0.030923420422531517,0.03085795692345778,0.03079459142216957,0.030733378711852204,0.030674377584940116,0.030617650778703678,0.0305632650837505,0.030511291559744247,0.030461805834525867,0.030414888447456948,0.030370625163807594,0.03032910737183533,0.03029043253026385,0.030254704654654317,0.030222034844311393,0.030192541864610546,0.030166352767769043,0.030143603596745575,0.030124440116702247,0.030109018660536144,0.030097507017377075,0.03009008541294416,0.03008694759696052,0.0300883020163217,0.030094373098875103,0.03010540256930222,0.030121651043793638,0.030143399725896684,0.030170952070825652,0.030204635784945682,0.030244804850497138,0.030291841792278035,0.03034615998198803,0.03040820629907548,0.03047846367116615,0.03055745395239583,0.030645740673676255,0.030743932506054377,0.030852685826331643,0.030972708173396146,0.031104761461049676,0.031249664486185935,0.031408295965198486,0.031581597943669285,0.031770577790154755,0.03197631003188591,0.03219993832802665,0.03244267617314001,0.03270580782140281,0.03299068740643984,0.03329873804228311,0.03363144944741642,0.03399037471834588,0.03437712567449734,0.0347933669456467,0.03524080853360004,0.03572119637859764,0.03623630114576488,0.03678790450686221,0.03737778267071573,0.038007686431401025,0.038679317154566274,0.03939429732885522,0.040154134765714486,0.0409601780508141,0.04181356134326917,0.042715134995095695,0.04366537849638507,0.04466429141413653,0.04571125870767779,0.04680489014990513,0.04794284269824993,0.04912165436880842,0.05033665324808841,0.05158204566209395,0.052851289494558834,0.05413776136477336,0.055435518882371006,0.056739839257837675,0.05804734282967637,0.059355781560754106,0.06066372831036141,0.06197029925821721,0.06327492458067703,0.06457720569853877,0.06587683751934607,0.06717356831297977,0.06846717940083007,0.06975747473433619,0.07104427494275571,0.07232741342155932,0.073606729279876,0.07487951415571065,0.0761450689541428,0.07740424871510418,0.07865686425289278,0.07990242157648049,0.08114027769241147,0.08236966440986615,0.08358968078910921,0.08479928223873164,0.08599727847481266,0.08718234724596718,0.08835306618592802,0.08950795900000724,0.09064554687636749,0.09176439460248459,0.09286314366358817,0.09394052933243634,0.09499538366558838,0.09602662852570379,0.09703326186829932,0.0980143409289558,0.09896896440585158,0.09989625474781531,0.10079534100766104,0.10166534277744937,0.10250535469735314,0.10331443144361607,0.10409157280455776,0.10483570848686188,0.10554568185251854,0.10622023258926773,0.10685797766163813,0.10745738990393969,0.10801677418936859,0.10853423996483173,0.10900767023449157,0.10943468669816606,0.10981261010727278,0.11013841617305885,0.11040868688910659,0.11061955818604541,0.11076666400856869,0.11084508000371777,0.11084926832457888,0.11077302908780001,0.11060946097046956,0.11035094146069842,0.1099891337536639,0.10951503452835526,0.10891907932547337,0.10819133282706138,0.10732181198739324,0.10630102283470941,0.10512087943677356,0.10377636629500378,0.10226873819838286,0.10061160572733102,0.0988383313643108,0.09699415109925216,0.09510981624195325,0.09319888132016005,0.09126942109871147,0.08932844554072356,0.08738244094737266,0.08543731524876667,0.08349835031688863,0.08157020281774296,0.07965693389786055,0.07776205419317189,0.07588857390056564,0.0740390525561988,0.07221564768996384,0.0704201598899436,0.06865407431064885,0.06691859846446882,0.06521469592117864,0.06354311698066997,0.06190442608044183,0.06029902671118528,0.05872718460670787,0.05718905112450198,0.05568469023465189,0.054214117407694745,0.05277736033425211,0.05137453550007462,0.050005906865880856,0.04867190320608978,0.04737310552512393,0.04611022626507655,0.04488409405569992,0.04369565019645939,0.0425459599690791,0.041436241784980975,0.040367920265366945,0.03934271534711051,0.03836279446659675
